{
  "collection_info": {
    "start_frame": 50,
    "end_frame": 150,
    "total_frames": 101
  },
  "markers": {
    "1": {
      "data_frames": 101,
      "average_position": {
        "x": 0.15279146408796687,
        "y": -0.18444965865672816,
        "z": 0.5366802167422837
      },
      "average_rotation": {
        "rx": -3.0097609967978594,
        "ry": -0.012625286544167679,
        "rz": 0.015685573180286502
      }
    },
    "3": {
      "data_frames": 101,
      "average_position": {
        "x": -0.08746112792176791,
        "y": -0.18543004185526218,
        "z": 0.5406744768003813
      },
      "average_rotation": {
        "rx": -3.001792229839912,
        "ry": -0.03547824191625584,
        "rz": 0.045917075381333675
      }
    }
  }
}